Workbook
Name _1ModSort_.Sort2: [2]!'[ModSort].Sort2'
Name _Try1: [3]!_xlbgnm.Try1
Name Check: [4]!Check
Name DialogHide: [3]!DialogHide
Name DialogShow: [3]!DialogShow
Name Dich_Vu: #REF!
Name du_an: '[5]Không xóa'!$E$5:$E$9
Name F24_Uplift: '[6]0200 Siteworks'!$H$4
Name Gio_cong_tieu_chuan: '[7]Du lieu'!$P$4:$S$4
Name GoToBridge: [8]!GoToBridge
Name GoToCUB: [8]!GoToCUB
Name GTIndex: [9]!GTIndex
Name GTMechIndex: [10]!GTMechIndex
Name he_so: '[7]Du lieu'!$E$4:$E$7
Name Ho_ten: '[7]Du lieu'!$AA$5:$AA$18
Name Lam_sach: '[11]khong xoa'!$A$1:$A$12
Name ModDelete.Reset: [4]!ModDelete.Reset
Name ModSort.DialogHide: [2]!ModSort.DialogHide
Name ModSort.Reset: [2]!ModSort.Reset
Name ModSort.Sort2: [4]!ModSort.Sort2
Name ModSubtotalSort.DialogHide: [4]!ModSubtotalSort.DialogHide
Name ModSubtotalSort.Try1: [4]!ModSubtotalSort.Try1
Name NKX_nhom_hang: OFFSET([12]HANG!$A$1,0,0,,55-COUNTIF([12]HANG!$A$1:$BC$1,""))
Name NKX_STT_mat_hang: OFFSET('[12]Mat hang'!$D$5,0,0,COUNTA('[12]Mat hang'!$D$5:$D$1159),)
Name Project: #REF!,#REF!,#REF!
Name Reset: [3]!Reset
Name Sort1: [3]!Sort1
Name Sort2: [3]!Sort2

Sheet Estimation
A1: DỰ TOÁN NHÂN CÔNG | M1: Prepared by Phuc.vx
A2: ESTIMATED LABOR
A3: Ngày | B3: Tuần | C3: Thứ | D3: Tên khách hàng | E3: Số dự án | F3: Tên thiết bị / dự án | G3: Tần suất | H3: Phân loại | I3: KS/GS Cao cấp | J3: Kỹ sư/ Giám sát | K3: Trưởng nhóm | L3: Kỹ thuật viên | M3: Thực tập sinh | N3: Chi phí khác (Thầu phụ/nhà trọ | O3: Ghi chú
A4: Date | B4: Week | C4: Day | D4: Client name | E4: Project number | F4: Equipment / Project name | G4: Fre. | H4: Classify | I4: Senior Eng/Sup | J4: Engineer/ Supervisor | K4: Team Leader | L4: Technician | M4: Internship | N4: Đi lại/ công tác phí) | O4: Remark
B5: 1 | C5: 1

Sheet E(%)
F1: BÁO CÁO HIỆU QUẢ NHÂN LỰC
F2: MANPOWER EFFICIENCY REPORT | M2: Updated: | N2: =TODAY() -> 46234
E3: YEAR | F3: 2026 | N3: Unit: Hrs
A4: Công thức trung gian | B4: =DATE(F3,1,1) -> 46023 | C4: =EDATE(B4,1) -> 46054 | D4: =EDATE(C4,1) -> 46082 | E4: =EDATE(D4,1) -> 46113 | F4: =EDATE(E4,1) -> 46143 | G4: =EDATE(F4,1) -> 46174 | H4: =EDATE(G4,1) -> 46204 | I4: =EDATE(H4,1) -> 46235 | J4: =EDATE(I4,1) -> 46266 | ... M4: =EDATE(L4,1) -> 46357
B5: =EOMONTH(B4,0) -> 46053 | C5: =EOMONTH(C4,0) -> 46081 | D5: =EOMONTH(D4,0) -> 46112 | E5: =EOMONTH(E4,0) -> 46142 | F5: =EOMONTH(F4,0) -> 46173 | G5: =EOMONTH(G4,0) -> 46203 | H5: =EOMONTH(H4,0) -> 46234 | I5: =EOMONTH(I4,0) -> 46265 | ... M5: =EOMONTH(M4,0) -> 46387
A6: Tháng / Month | B6: 1 | C6: 2 | D6: 3 | E6: 4 | F6: 5 | G6: 6 | H6: 7 | I6: 8 | J6: 9 | K6: 10 | L6: 11 | M6: 12 | N6: TOTAL | O6: Ratio
A7: A. Tổng số giờ trả lương Paid hours | B7: =SUMPRODUCT((Allocated!$B$2:$B$13737>=B$4)*(Allocated!$B$2:$B$13737<=B$5)*Allocated!$I$2:$I$13737) -> 0 | C7: =SUMPRODUCT((Allocated!$B$2:$B$13737>=C$4)*(Allocated!$B$2:$B$13737<=C$5)*Allocated!$I$2:$I$13737) -> 0 | D7: =SUMPRODUCT((Allocated!$B$2:$B$13737>=D$4)*(Allocated!$B$2:$B$13737<=D$5)*Allocated!$I$2:$I$13737) -> 0 | E7: =SUMPRODUCT((Allocated!$B$2:$B$13737>=E$4)*(Allocated!$B$2:$B$13737<=E$5)*Allocated!$I$2:$I$13737) -> 0 | F7: =SUMPRODUCT((Allocated!$B$2:$B$13737>=F$4)*(Allocated!$B$2:$B$13737<=F$5)*Allocated!$I$2:$I$13737) -> 0 | G7: =SUMPRODUCT((Allocated!$B$2:$B$13737>=G$4)*(Allocated!$B$2:$B$13737<=G$5)*Allocated!$I$2:$I$13737) -> 0 | H7: =SUMPRODUCT((Allocated!$B$2:$B$13737>=H$4)*(Allocated!$B$2:$B$13737<=H$5)*Allocated!$I$2:$I$13737) -> 0 | I7: =SUMPRODUCT((Allocated!$B$2:$B$13737>=I$4)*(Allocated!$B$2:$B$13737<=I$5)*Allocated!$I$2:$I$13737) -> 0 | ... M7: =SUMPRODUCT((Allocated!$B$2:$B$13737>=M$4)*(Allocated!$B$2:$B$13737<=M$5)*Allocated!$I$2:$I$13737) -> 0 | N7: =SUM(B7:M7) -> 0
A8: B. Tổng giờ cho dự án Services Services hours | B8: =SUMPRODUCT((Allocated!$B$2:$B$13737>=B$4)*(Allocated!$B$2:$B$13737<=B$5)*(Allocated!$J$2:$J$13737="Services")*Allocated!$I$2:$I$13737) -> 0 | C8: =SUMPRODUCT((Allocated!$B$2:$B$13737>=C$4)*(Allocated!$B$2:$B$13737<=C$5)*(Allocated!$J$2:$J$13737="Services")*Allocated!$I$2:$I$13737) -> 0 | D8: =SUMPRODUCT((Allocated!$B$2:$B$13737>=D$4)*(Allocated!$B$2:$B$13737<=D$5)*(Allocated!$J$2:$J$13737="Services")*Allocated!$I$2:$I$13737) -> 0 | E8: =SUMPRODUCT((Allocated!$B$2:$B$13737>=E$4)*(Allocated!$B$2:$B$13737<=E$5)*(Allocated!$J$2:$J$13737="Services")*Allocated!$I$2:$I$13737) -> 0 | F8: =SUMPRODUCT((Allocated!$B$2:$B$13737>=F$4)*(Allocated!$B$2:$B$13737<=F$5)*(Allocated!$J$2:$J$13737="Services")*Allocated!$I$2:$I$13737) -> 0 | G8: =SUMPRODUCT((Allocated!$B$2:$B$13737>=G$4)*(Allocated!$B$2:$B$13737<=G$5)*(Allocated!$J$2:$J$13737="Services")*Allocated!$I$2:$I$13737) -> 0 | H8: =SUMPRODUCT((Allocated!$B$2:$B$13737>=H$4)*(Allocated!$B$2:$B$13737<=H$5)*(Allocated!$J$2:$J$13737="Services")*Allocated!$I$2:$I$13737) -> 0 | I8: =SUMPRODUCT((Allocated!$B$2:$B$13737>=I$4)*(Allocated!$B$2:$B$13737<=I$5)*(Allocated!$J$2:$J$13737="Services")*Allocated!$I$2:$I$13737) -> 0 | ... M8: =SUMPRODUCT((Allocated!$B$2:$B$13737>=M$4)*(Allocated!$B$2:$B$13737<=M$5)*(Allocated!$J$2:$J$13737="Services")*Allocated!$I$2:$I$13737) -> 0 | N8: =SUM(B8:M8) -> 0 | O8: =N8/$N$7 -> #DIV/0!
A9: C. Tổng giờ cho dự án Maintenance Maintenance hours | B9: =SUMPRODUCT((Allocated!$B$2:$B$13737>=B$4)*(Allocated!$B$2:$B$13737<=B$5)*(Allocated!$J$2:$J$13737="Maintenance")*Allocated!$I$2:$I$13737) -> 0 | C9: =SUMPRODUCT((Allocated!$B$2:$B$13737>=C$4)*(Allocated!$B$2:$B$13737<=C$5)*(Allocated!$J$2:$J$13737="Maintenance")*Allocated!$I$2:$I$13737) -> 0 | D9: =SUMPRODUCT((Allocated!$B$2:$B$13737>=D$4)*(Allocated!$B$2:$B$13737<=D$5)*(Allocated!$J$2:$J$13737="Maintenance")*Allocated!$I$2:$I$13737) -> 0 | E9: =SUMPRODUCT((Allocated!$B$2:$B$13737>=E$4)*(Allocated!$B$2:$B$13737<=E$5)*(Allocated!$J$2:$J$13737="Maintenance")*Allocated!$I$2:$I$13737) -> 0 | F9: =SUMPRODUCT((Allocated!$B$2:$B$13737>=F$4)*(Allocated!$B$2:$B$13737<=F$5)*(Allocated!$J$2:$J$13737="Maintenance")*Allocated!$I$2:$I$13737) -> 0 | G9: =SUMPRODUCT((Allocated!$B$2:$B$13737>=G$4)*(Allocated!$B$2:$B$13737<=G$5)*(Allocated!$J$2:$J$13737="Maintenance")*Allocated!$I$2:$I$13737) -> 0 | H9: =SUMPRODUCT((Allocated!$B$2:$B$13737>=H$4)*(Allocated!$B$2:$B$13737<=H$5)*(Allocated!$J$2:$J$13737="Maintenance")*Allocated!$I$2:$I$13737) -> 0 | I9: =SUMPRODUCT((Allocated!$B$2:$B$13737>=I$4)*(Allocated!$B$2:$B$13737<=I$5)*(Allocated!$J$2:$J$13737="Maintenance")*Allocated!$I$2:$I$13737) -> 0 | ... M9: =SUMPRODUCT((Allocated!$B$2:$B$13737>=M$4)*(Allocated!$B$2:$B$13737<=M$5)*(Allocated!$J$2:$J$13737="Maintenance")*Allocated!$I$2:$I$13737) -> 0 | N9: =SUM(B9:M9) -> 0 | O9: =N9/$N$7 -> #DIV/0!
A10: D. Tổng giờ cho dự án quản lý vận hành FM hours | B10: =SUMPRODUCT((Allocated!$B$2:$B$13737>=B$4)*(Allocated!$B$2:$B$13737<=B$5)*(Allocated!$J$2:$J$13737="FM")*Allocated!$I$2:$I$13737) -> 0 | C10: =SUMPRODUCT((Allocated!$B$2:$B$13737>=C$4)*(Allocated!$B$2:$B$13737<=C$5)*(Allocated!$J$2:$J$13737="FM")*Allocated!$I$2:$I$13737) -> 0 | D10: =SUMPRODUCT((Allocated!$B$2:$B$13737>=D$4)*(Allocated!$B$2:$B$13737<=D$5)*(Allocated!$J$2:$J$13737="FM")*Allocated!$I$2:$I$13737) -> 0 | E10: =SUMPRODUCT((Allocated!$B$2:$B$13737>=E$4)*(Allocated!$B$2:$B$13737<=E$5)*(Allocated!$J$2:$J$13737="FM")*Allocated!$I$2:$I$13737) -> 0 | F10: =SUMPRODUCT((Allocated!$B$2:$B$13737>=F$4)*(Allocated!$B$2:$B$13737<=F$5)*(Allocated!$J$2:$J$13737="FM")*Allocated!$I$2:$I$13737) -> 0 | G10: =SUMPRODUCT((Allocated!$B$2:$B$13737>=G$4)*(Allocated!$B$2:$B$13737<=G$5)*(Allocated!$J$2:$J$13737="FM")*Allocated!$I$2:$I$13737) -> 0 | H10: =SUMPRODUCT((Allocated!$B$2:$B$13737>=H$4)*(Allocated!$B$2:$B$13737<=H$5)*(Allocated!$J$2:$J$13737="FM")*Allocated!$I$2:$I$13737) -> 0 | I10: =SUMPRODUCT((Allocated!$B$2:$B$13737>=I$4)*(Allocated!$B$2:$B$13737<=I$5)*(Allocated!$J$2:$J$13737="FM")*Allocated!$I$2:$I$13737) -> 0 | ... M10: =SUMPRODUCT((Allocated!$B$2:$B$13737>=M$4)*(Allocated!$B$2:$B$13737<=M$5)*(Allocated!$J$2:$J$13737="FM")*Allocated!$I$2:$I$13737) -> 0 | N10: =SUM(B10:M10) -> 0 | O10: =N10/$N$7 -> #DIV/0!
A11: E. Tổng số giờ cho các hoạt động khác Total hours for other jobs | B11: =SUMPRODUCT((Allocated!$B$2:$B$13737>=B$4)*(Allocated!$B$2:$B$13737<=B$5)*(Allocated!$J$2:$J$13737="Non Project")*Allocated!$I$2:$I$13737) -> 0 | C11: =SUMPRODUCT((Allocated!$B$2:$B$13737>=C$4)*(Allocated!$B$2:$B$13737<=C$5)*(Allocated!$J$2:$J$13737="Non Project")*Allocated!$I$2:$I$13737) -> 0 | D11: =SUMPRODUCT((Allocated!$B$2:$B$13737>=D$4)*(Allocated!$B$2:$B$13737<=D$5)*(Allocated!$J$2:$J$13737="Non Project")*Allocated!$I$2:$I$13737) -> 0 | E11: =SUMPRODUCT((Allocated!$B$2:$B$13737>=E$4)*(Allocated!$B$2:$B$13737<=E$5)*(Allocated!$J$2:$J$13737="Non Project")*Allocated!$I$2:$I$13737) -> 0 | F11: =SUMPRODUCT((Allocated!$B$2:$B$13737>=F$4)*(Allocated!$B$2:$B$13737<=F$5)*(Allocated!$J$2:$J$13737="Non Project")*Allocated!$I$2:$I$13737) -> 0 | G11: =SUMPRODUCT((Allocated!$B$2:$B$13737>=G$4)*(Allocated!$B$2:$B$13737<=G$5)*(Allocated!$J$2:$J$13737="Non Project")*Allocated!$I$2:$I$13737) -> 0 | H11: =SUMPRODUCT((Allocated!$B$2:$B$13737>=H$4)*(Allocated!$B$2:$B$13737<=H$5)*(Allocated!$J$2:$J$13737="Non Project")*Allocated!$I$2:$I$13737) -> 0 | I11: =SUMPRODUCT((Allocated!$B$2:$B$13737>=I$4)*(Allocated!$B$2:$B$13737<=I$5)*(Allocated!$J$2:$J$13737="Non Project")*Allocated!$I$2:$I$13737) -> 0 | ... M11: =SUMPRODUCT((Allocated!$B$2:$B$13737>=M$4)*(Allocated!$B$2:$B$13737<=M$5)*(Allocated!$J$2:$J$13737="Non Project")*Allocated!$I$2:$I$13737) -> 0 | N11: =SUM(B11:M11) -> 0 | O11: =N11/$N$7 -> #DIV/0!
A12: F. Tổng số giờ lãng phí (Chờ việc) Total hours wasted (Standby) | B12: =SUMPRODUCT((Allocated!$B$2:$B$13737>=B$4)*(Allocated!$B$2:$B$13737<=B$5)*(Allocated!$J$2:$J$13737="Standby")*Allocated!$I$2:$I$13737) -> 0 | C12: =SUMPRODUCT((Allocated!$B$2:$B$13737>=C$4)*(Allocated!$B$2:$B$13737<=C$5)*(Allocated!$J$2:$J$13737="Standby")*Allocated!$I$2:$I$13737) -> 0 | D12: =SUMPRODUCT((Allocated!$B$2:$B$13737>=D$4)*(Allocated!$B$2:$B$13737<=D$5)*(Allocated!$J$2:$J$13737="Standby")*Allocated!$I$2:$I$13737) -> 0 | E12: =SUMPRODUCT((Allocated!$B$2:$B$13737>=E$4)*(Allocated!$B$2:$B$13737<=E$5)*(Allocated!$J$2:$J$13737="Standby")*Allocated!$I$2:$I$13737) -> 0 | F12: =SUMPRODUCT((Allocated!$B$2:$B$13737>=F$4)*(Allocated!$B$2:$B$13737<=F$5)*(Allocated!$J$2:$J$13737="Standby")*Allocated!$I$2:$I$13737) -> 0 | G12: =SUMPRODUCT((Allocated!$B$2:$B$13737>=G$4)*(Allocated!$B$2:$B$13737<=G$5)*(Allocated!$J$2:$J$13737="Standby")*Allocated!$I$2:$I$13737) -> 0 | H12: =SUMPRODUCT((Allocated!$B$2:$B$13737>=H$4)*(Allocated!$B$2:$B$13737<=H$5)*(Allocated!$J$2:$J$13737="Standby")*Allocated!$I$2:$I$13737) -> 0 | I12: =SUMPRODUCT((Allocated!$B$2:$B$13737>=I$4)*(Allocated!$B$2:$B$13737<=I$5)*(Allocated!$J$2:$J$13737="Standby")*Allocated!$I$2:$I$13737) -> 0 | ... M12: =SUMPRODUCT((Allocated!$B$2:$B$13737>=M$4)*(Allocated!$B$2:$B$13737<=M$5)*(Allocated!$J$2:$J$13737="Standby")*Allocated!$I$2:$I$13737) -> 0 | N12: =SUM(B12:M12) -> 0 | O12: =N12/$N$7 -> #DIV/0!
A13: Hiệu suất lao động (B+C+D)/A Efficiency | B13: =(B8+B9+B10)/B7 -> #DIV/0! | C13: =(C8+C9+C10)/C7 -> #DIV/0! | D13: =(D8+D9+D10)/D7 -> #DIV/0! | E13: =(E8+E9+E10)/E7 -> #DIV/0! | F13: =(F8+F9+F10)/F7 -> #DIV/0! | G13: =(G8+G9+G10)/G7 -> #DIV/0! | H13: =(H8+H9+H10)/H7 -> #DIV/0! | I13: =(I8+I9+I10)/I7 -> #DIV/0! | ... N13: =(N8+N9+N10)/N7 -> #DIV/0!
A14: Mục tiêu hiệu suất lao động Target | B14: 0.925 | C14: 0.925 | D14: 0.925 | E14: 0.925 | F14: 0.925 | G14: 0.925 | H14: 0.925 | I14: 0.925 | J14: 0.925 | K14: 0.925 | L14: 0.925 | M14: 0.925 | N14: =$B$14 -> 0.925

Sheet Allocated
A1: Ngày | B1: Date | C1: Nhân viên | D1: Nhân viên | E1: Employee code | F1: Trợ cấp đi lại/Số giờ trợ cấp | G1: Chi tiết chấm công/Dự án | H1: Chi tiết chấm công/Giờ thực tế | I1: Tổng giờ thực tế | J1: Phân loại dự án | K1: Vị trí | L1: Bộ phận
